epoch,loss
1,0.17237
2,0.00275
3,0.00202
4,0.00156
5,0.00123
6,0.00100
7,0.00083
8,0.00072
9,0.00064
10,0.00058
